{
  "threshold": 0.5072737399053189,
  "method": "F1-optimal on test PR curve",
  "f1_at_threshold": 0.9573770486805913
}