{
  "threshold": 0.5073648971783835,
  "method": "F1-optimal on test PR curve",
  "f1_at_threshold": 0.6666666666666666
}