{
  "method": "LOOHO 4 folds (LightGBM v4)",
  "f1_05_mean": 0.5834691370756409,
  "f1_05_std": 0.11488190683646675,
  "f1_macro_mean": 0.6932925401629476,
  "f1_macro_std": 0.06213858128884608,
  "roc_auc_mean": 0.6776260504201681,
  "roc_auc_std": 0.04510026831312718,
  "ap_mean": 0.7088631813344548,
  "ap_std": 0.04858574578408288,
  "overfit_gap_mean": 0.4165308629243592,
  "per_host": [
    {
      "held_out_host": "NASHUA.dmevals.local",
      "n_train": 207,
      "n_test": 69,
      "n_test_positive": 34,
      "f1_05": 0.7088607594936709,
      "f1_macro_optimal": 0.6595151255095473,
      "best_threshold": 0.5082517583857861,
      "roc_auc": 0.6399159663865547,
      "avg_precision": 0.6449220623353322,
      "f1_train_05": 1.0,
      "overfit_gap": 0.2911392405063291
    },
    {
      "held_out_host": "NEWYORK.dmevals.local",
      "n_train": 207,
      "n_test": 69,
      "n_test_positive": 34,
      "f1_05": 0.6410256410256411,
      "f1_macro_optimal": 0.7527924130663857,
      "best_threshold": 0.6633333333333333,
      "roc_auc": 0.7231092436974791,
      "avg_precision": 0.7253823354474574,
      "f1_train_05": 1.0,
      "overfit_gap": 0.3589743589743589
    },
    {
      "held_out_host": "SCRANTON.dmevals.local",
      "n_train": 207,
      "n_test": 69,
      "n_test_positive": 34,
      "f1_05": 0.5357142857142857,
      "f1_macro_optimal": 0.7377533783783784,
      "best_threshold": 0.3996825396825397,
      "roc_auc": 0.7096638655462185,
      "avg_precision": 0.7608226464968335,
      "f1_train_05": 1.0,
      "overfit_gap": 0.4642857142857143
    },
    {
      "held_out_host": "UTICA.dmevals.local",
      "n_train": 207,
      "n_test": 69,
      "n_test_positive": 34,
      "f1_05": 0.4482758620689655,
      "f1_macro_optimal": 0.623109243697479,
      "best_threshold": 0.45530306752915334,
      "roc_auc": 0.6378151260504201,
      "avg_precision": 0.7043256810581959,
      "f1_train_05": 1.0,
      "overfit_gap": 0.5517241379310345
    }
  ]
}