{
  "version": 1,
  "f1_default": 0.8615384615384616,
  "f1_calibrated": 0.8363636363636363,
  "best_threshold": 0.787217553688142,
  "roc_auc": 0.6944444444444444,
  "f1_cv_mean": 0.9187389162561577,
  "f1_cv_std": 0.02788838021602893,
  "top_feature": "entropy_eventids",
  "top_feature_importance": 0.08487841316929262,
  "leakage_warning": false
}